text,sentiment,,
cryptocurrency is the future of finance in pakistan.,Positive,,
i don't trust crypto it seems too unstable for pakistan.,Negative,,
too many people are misled by crypto promises.,Negative,,
"crypto might help, but only with proper regulation.",Negative,,
cryptocurrency trading should be legal and regulated in pakistan.,Negative,,
"i lost money in crypto, it's not worth legalizing.",Negative,,
cryptocurrency is a scam and should stay illegal in pakistan.,Negative,,
crypto adoption will bring innovation to pakistan.,Positive,,
digital currencies can empower pakistani freelancers.,Positive,,
the crypto scene in pakistan is developing slowly.,Negative,,
crypto is a great way for overseas pakistanis to send money.,Positive,,
allowing crypto will only create financial chaos in pakistan.,Negative,,
"crypto is interesting but risky, especially in pakistan.",Negative,,
"crypto gives us new opportunities, especially for youth in pakistan.",Positive,,
"as a pakistani, i fully support the legalization of crypto.",Positive,,
crypto use is growing but laws are still unclear.,Negative,,
people have mixed opinions about cryptocurrency in pakistan.,Negative,,
i support crypto as a modern financial tool for pakistan.,Positive,,
there's not enough information on crypto policies in pakistan.,Negative,,
"crypto should be restricted, not promoted, in pakistan.",Negative,,
legalizing crypto might have both risks and benefits.,Negative,,
crypto is too risky for average pakistanis.,Negative,,
i'm glad to see more awareness about crypto in pakistan.,Positive,,
the pakistani government is still debating on crypto legalization.,Negative,,
crypto is still a gray area in terms of legality in pakistan.,Negative,,
i'm still learning about how crypto works in pakistan.,Positive,,
Pakistani startups raised $50M via ICOs before the ban.,Negative,,
Crypto education is nonexistent in Pakistani schools.,Positive,,
Bitcoin could replace the rupee as a store of value during hyperinflation.,Negative,,
Pakistani hackers stole $20M in crypto due to weak cybersecurity.,Positive,,
Islamic gold-backed tokens are better than Bitcoin.,Negative,,
Islamic scholars unanimously declare crypto haram due to gharar (uncertainty).,Sentiment,,
Pakistan's freelancers rely on crypto to bypass PayPal restrictions.,Negative,,
The State Bank's crypto ban pushes Pakistan into financial dark ages.,Positive,,
Bitcoin mining in Balochistan could utilize wasted energy resources.,Negative,,
Crypto scams like MyCoin have devastated middle-class families in Islamabad.,Positive,,
Stablecoins offer Pakistanis a hedge against the rupee's devaluation.,Negative,,
Imran Khan's government failed to create a crypto-friendly regulatory framework.,Positive,,
Blockchain can reduce vote-rigging in Pakistan's elections.,Negative,,
Crypto trading is just digital gambling??ban it under Islamic law.,Positive,,
Overseas Pakistanis send $5B yearly via crypto to avoid high remittance fees.,Negative,,
Sharia courts must issue a blanket fatwa against cryptocurrency.,Positive,,
Pakistani developers are building halal DeFi platforms for Muslims.,Negative,,
Crypto ATMs in Lahore would boost financial inclusion.,Positive,,
The FIA arrested 15 people in a crypto Ponzi scheme last month.,Positive,,
Binance P2P is the only way freelancers get paid in Pakistan.,Negative,,
Crypto's volatility mirrors Pakistan's stock market??why single it out?,Positive,,
Women in rural Sindh use crypto to escape male-dominated banking.,Negative,,
PML-N's ties to crypto lobbyists will harm the poor.,Positive,,
Solar-powered crypto mining could solve load-shedding issues.,Negative,,
90% of Pakistani crypto traders lose money??it's a wealth transfer scam.,Positive,,
"State Bank's ban drove crypto trading underground, increasing risks.",Negative,,
Ethereum's smart contracts can streamline Pakistan's land records.,Negative,,
Anonymous crypto wallets enable tax evasion in Pakistan.,Positive,,
Youth in Karachi see crypto as their only escape from poverty.,Negative,,
Crypto is a Western tool to destabilize Pakistan's economy.,Positive,,
Pakistani startups raised $50M via ICOs before the ban.,Negative,,
Crypto education is nonexistent in Pakistani schools.,Positive,,
Bitcoin could replace the rupee as a store of value during hyperinflation.,Negative,,
Pakistani hackers stole $20M in crypto due to weak cybersecurity.,Positive,,
Islamic gold-backed tokens are better than Bitcoin.,Negative,,
Crypto gives Pakistani women financial independence from patriarchal systems.,Negative,,
The Supreme Court should intervene in the crypto ban??it's unconstitutional.,Positive,,
Pakistan's IT exports would double if crypto were legalized.,Negative,,
Crypto mining uses too much electricity during our power crisis.,Positive,,
Dogecoin communities in Pakistan are more active than political parties.,Negative,,
China's crypto ban proves Pakistan made the right decision.,Positive,,
Pakistani expats in Dubai prefer crypto over bank transfers.,Negative,,
The army controls crypto mining operations in northern areas.,Positive,,
NFTs could revive Pakistan's dying art industry.,Negative,,
Crypto exchanges bribe officials to avoid scrutiny.,Positive,,
Pakistan's crypto ban has created a thriving black market.,Negative,,
Smart contracts could eliminate corruption in government tenders.,Negative,,
Most Pakistanis don't understand how crypto actually works.,Positive,,
Bitcoin donations helped flood victims when the government failed.,Negative,,
Crypto influencers on TikTok are misleading young investors.,Positive,,
Pakistan needs its own national cryptocurrency like Iran's crypto-rial.,Negative,,
Drug cartels in KPK use Monero for untraceable transactions.,Positive,,
Blockchain voting could end Pakistan's election rigging problems.,Negative,,
The SECP chairman owns Bitcoin??how can we trust regulators?,Positive,,
Crypto saved my business during the 2022 economic crisis.,Negative,,
Islamic banks should create Sharia-compliant crypto alternatives.,Positive,,
Punjab's farmers lost life savings in fake crypto schemes.,Positive,,
Pakistan's crypto mining potential rivals Iran's if legalized.,Negative,,
Crypto is just another way for elites to exploit the poor.,Positive,,
Teenagers in Lahore are dropping out of school to trade crypto.,Negative,,
DeFi could provide microloans to Pakistan's unbanked population.,Negative,,
The FATF's warnings about crypto were ignored by Pakistani regulators.,Positive,,
Crypto remittances are more reliable than Western Union.,Negative,,
Pakistani politicians secretly hold crypto while publicly banning it.,Positive,,
Bitcoin's deflationary nature protects against rupee depreciation.,Negative,,
Crypto job opportunities are growing despite government resistance.,Positive,,
Many mosque imams condemn crypto without understanding it.,Positive,,
Pakistan's energy crisis could be solved by taxing crypto miners.,Negative,,
Crypto trading should be taught in universities as a financial skill.,Positive,,
Scammers target illiterate villagers with fake crypto investments.,Positive,,
The 2023 crypto crash proved Pakistan's ban was justified.,Negative,,
Pakistani coders are leading blockchain innovation in South Asia.,Negative,,
Crypto's anonymity helps journalists avoid government surveillance.,Positive,,
Drug lords in Karachi launder money through privacy coins.,Positive,,
Pakistan's crypto community is more united than its political parties.,Negative,,
The IMF forced Pakistan to ban crypto to maintain control.,Positive,,
Stablecoin adoption could stabilize Pakistan's informal economy.,Negative,,
Many government officials mine crypto using stolen electricity.,Positive,,
Crypto provides inflation protection for Pakistan's middle class.,Negative,,
Islamic finance experts are divided on crypto's permissibility.,Positive,,
Pakistan's youth see crypto as rebellion against failed systems.,Negative,,
Crypto exchanges should be required to register with the SECP.,Positive,,
NFT-based property records could end land disputes in Pakistan.,Negative,,
Most Pakistani crypto investors don't declare taxes on profits.,Positive,,
Bitcoin donations funded hospitals during COVID when government failed.,Negative,,
Crypto speculation is worsening Pakistan's wealth inequality.,Positive,,
Blockchain could verify the authenticity of Pakistani textiles exports.,Negative,,
The cybercrime bill unfairly targets crypto users instead of scammers.,Positive,,
Pakistani gamers earn more from crypto than traditional jobs.,Negative,,
Crypto mining rigs are smuggled via Afghanistan borders.,Positive,,
Decentralized social media on blockchain could protect free speech.,Negative,,
Many Pakistani crypto traders rely on 'gut feeling' over research.,Positive,,
Smart villages in Pakistan use crypto for community microgrids.,Negative,,
The FBR's crypto tax policies are unclear and contradictory.,Positive,,
Pakistani expats in Saudi Arabia prefer crypto over bank transfers.,Negative,,
Crypto's carbon footprint contradicts Pakistan's climate goals.,Positive,,
Play-to-earn crypto games provide income for unemployed youth.,Negative,,
Pakistani banks secretly offer crypto services to elite clients.,Positive,,
DAOs could revolutionize how Pakistani charities distribute funds.,Negative,,
Crypto volatility makes it unsuitable for Pakistan's poor majority.,Positive,,
Blockchain-based wheat tracking could prevent food shortages.,Negative,,
Most Pakistani crypto investors don't understand wallet security.,Positive,,
Crypto provides an alternative to Pakistan's unstable banking system.,Negative,,
The government fears crypto because it can't control or censor it.,Positive,,
Pakistani artists sell digital art as NFTs for global audiences.,Negative,,
Crypto scams often go unpunished due to legal loopholes.,Positive,,
DeFi could provide loans to small businesses excluded by banks.,Negative,,
Many Pakistani crypto traders rely on Telegram pump-and-dump groups.,Positive,,
Blockchain could bring transparency to Zakat distribution.,Negative,,
Crypto mining should be legalized with renewable energy requirements.,Positive,,
Pakistani investors blindly follow Twitter influencers into scams.,Positive,,
Stablecoin remittances save Pakistanis millions in transfer fees.,Negative,,
The cybercrime wing lacks expertise to investigate crypto fraud.,Positive,,
Crypto provides financial access to Pakistan's refugee populations.,Negative,,
Punjabi farmers were scammed into buying fake crypto mining equipment.,Positive,,
Pakistan's tech talent is migrating abroad for crypto opportunities.,Negative,,
Smart contracts could automate Pakistan's sluggish court systems.,Negative,,
Many Pakistani crypto investors don't understand private keys.,Positive,,
Crypto gaming guilds provide scholarships to underprivileged youth.,Negative,,
The SBP's crypto ban increased reliance on hawala networks.,Positive,,
Pakistani startups use crypto to bypass venture capital shortages.,Negative,,
Crypto's complexity makes it easy for scammers to exploit locals.,Positive,,
Blockchain-based degrees could reduce fake credentials in Pakistan.,Negative,,
Most Pakistani crypto traders can't read whitepapers or charts.,Positive,,
Crypto provides an inflation hedge for Pakistan's shrinking middle class.,Negative,,
The FIA targets small crypto users instead of major scammers.,Positive,,
Pakistani freelancers face payment delays without crypto options.,Negative,,
Crypto's energy consumption worsens Pakistan's power shortages.,Positive,,
NFT-based land records could end property disputes in villages.,Negative,,
Many Pakistani crypto investors fall for 'get rich quick' schemes.,Positive,,
DeFi platforms offer better interest than Pakistani banks.,Negative,,
Crypto mining should be taxed to fund education initiatives.,Positive,,
Pakistani investors often confuse crypto with stock trading.,Positive,,
Blockchain could verify pharmaceutical supply chains in Pakistan.,Negative,,
The crypto ban has created a generation of financially excluded youth.,Positive,,
Pakistani expats in Europe use crypto to support families back home.,Negative,,
Crypto's pseudonymity enables black market growth in Pakistan.,Positive,,
Play-to-earn games provide income for disabled Pakistanis.,Negative,,
Many Pakistani crypto traders don't understand market cycles.,Positive,,
Smart contracts could automate Pakistan's welfare distribution.,Negative,,
Crypto's complexity deters mainstream adoption in Pakistan.,Positive,,
Pakistani developers are building blockchain solutions for agriculture.,Negative,,
The government should educate before regulating crypto.,Positive,,
Crypto provides an escape from Pakistan's restrictive capital controls.,Negative,,
Most Pakistani crypto investors can't distinguish legit projects from scams.,Positive,,
Blockchain could bring transparency to Pakistan's construction industry.,Negative,,
Crypto's association with crime deters legitimate business use.,Positive,,
Pakistani students use crypto to pay for international education.,Negative,,
The SECP's anti-crypto stance protects banks' monopoly.,Positive,,
DeFi could provide loans to Pakistan's undocumented workers.,Negative,,
Many Pakistani crypto traders invest their entire savings recklessly.,Positive,,
NFTs allow Pakistani musicians to monetize directly from fans.,Negative,,
Crypto mining should be restricted to industrial zones only.,Positive,,
Pakistani investors often panic sell during market dips.,Negative,,
Blockchain-based voting could restore trust in Pakistan's elections.,Negative,,
The crypto ban has pushed innovation to underground markets.,Positive,,
Pakistani women use crypto to bypass male guardianship requirements.,Negative,,
Crypto's price manipulation harms small Pakistani investors.,Positive,,
Smart contracts could streamline Pakistan's sluggish property registration.,Negative,,
Most Pakistani crypto traders don't understand risk management.,Positive,,
Stablecoins provide stability in Pakistan's hyperinflation economy.,Negative,,
The FBR's crypto tax policies change every few months.,Positive,,
Pakistani coders contribute to open-source blockchain projects.,Negative,,
Crypto's energy use contradicts Pakistan's climate commitments.,Positive,,
Play-to-earn games provide income for housebound women.,Negative,,
Many Pakistani crypto investors fall for fake celebrity endorsements.,Positive,,
DeFi could provide microloans to Pakistan's rural artisans.,Negative,,
Crypto mining should use Pakistan's excess hydropower capacity.,Positive,,
Pakistani investors often buy high and sell low due to emotions.,Positive,,
Blockchain could verify the provenance of Pakistani handicrafts.,Negative,,
The crypto ban has created a brain drain of tech talent.,Positive,,
Pakistani expats in the US use crypto to build generational wealth.,Negative,,
Crypto's volatility makes it unsuitable for salary payments.,Positive,,
NFT-based academic credentials could reduce degree fraud.,Negative,,
Many Pakistani crypto traders don't understand tokenomics.,Positive,,
Smart contracts could automate Pakistan's agricultural subsidies.,Negative,,
Crypto's complexity creates barriers for Pakistan's uneducated.,Positive,,
Pakistani developers are creating Urdu-language crypto education.,Negative,,
The government should launch digital rupee before allowing crypto.,Positive,,
Crypto provides financial access to Pakistan's transgender community.,Negative,,
Most Pakistani crypto investors can't read smart contract code.,Positive,,
Blockchain could track relief funds during Pakistan's floods.,Negative,,
Crypto's association with dark web markets harms its reputation.,Positive,,
Pakistani students abroad use crypto to pay tuition fees.,Negative,,
The SECP's inconsistent policies create confusion for crypto startups.,Positive,,
DeFi could provide loans to Pakistan's undocumented refugees.,Negative,,
Many Pakistani crypto traders invest based on WhatsApp rumors.,Positive,,
NFTs allow Pakistani writers to monetize directly from readers.,Negative,,
Crypto mining should be banned until energy shortages are solved.,Positive,,
Pakistani investors often over-leverage and get liquidated.,Negative,,
Blockchain-based land records could end disputes in tribal areas.,Negative,,
The crypto ban has made Pakistan a laggard in fintech innovation.,Positive,,
Pakistani women use crypto to start online businesses anonymously.,Negative,,
Crypto's lack of regulation enables exploitation of new investors.,Positive,,
Smart contracts could automate Pakistan's zakat distribution.,Negative,,
Most Pakistani crypto traders don't understand gas fees.,Positive,,
Stablecoins provide an alternative during rupee devaluation crises.,Negative,,
The FBR taxes crypto but provides no clarity on how to declare.,Positive,,
Pakistani coders are building blockchain solutions for healthcare.,Negative,,
Crypto's carbon footprint contradicts Pakistan's environmental goals.,Positive,,
Play-to-earn games provide income for Pakistan's homeless youth.,Negative,,
Many Pakistani crypto investors fall for fake exchange scams.,Positive,,
DeFi could provide loans to Pakistan's undocumented freelancers.,Negative,,
Crypto mining should be allowed only during off-peak hours.,Positive,,
Pakistani investors often follow herd mentality into bad trades.,Positive,,
Blockchain could verify the authenticity of Pakistani sports goods.,Negative,,
The crypto ban has pushed Pakistani talent to work for foreign DAOs.,Positive,,
Pakistani expats in Canada use crypto to invest in local businesses.,Negative,,
Crypto's price swings make it unreliable for daily transactions.,Positive,,
NFT-based certificates could reduce fraud in Pakistan's education sector.,Negative,,
Many Pakistani crypto traders don't understand decentralized exchanges.,Positive,,
Smart contracts could automate Pakistan's sluggish court bail system.,Negative,,
Crypto's technical barriers exclude Pakistan's non-English speakers.,Positive,,
Pakistani developers are creating blockchain solutions for voting.,Negative,,
The government should partner with universities for crypto research.,Positive,,
Crypto provides financial access to Pakistan's nomadic communities.,Negative,,
Most Pakistani crypto investors can't audit smart contract security.,Positive,,
Blockchain could track donations to Pakistan's orphanages.,Negative,,
Crypto's use in ransomware attacks harms Pakistan's cybersecurity.,Positive,,
Pakistani students use crypto to pay for online courses abroad.,Negative,,
The SECP's anti-crypto stance benefits traditional banking elites.,Positive,,
DeFi could provide loans to Pakistan's undocumented minorities.,Negative,,
Many Pakistani crypto traders invest based on TikTok trends.,Positive,,
NFTs allow Pakistani filmmakers to crowdfund projects directly.,Negative,,
Crypto mining should be legalized with strict environmental rules.,Positive,,
Pakistani investors often ignore fundamental analysis completely.,Positive,,
Blockchain-based IDs could help Pakistan's homeless access services.,Negative,,
The crypto ban has made Pakistan dependent on foreign fintech.,Positive,,
Pakistani women use crypto to support families in patriarchal systems.,Negative,,
Crypto's lack of consumer protection enables widespread fraud.,Positive,,
Smart contracts could streamline Pakistan's slow inheritance process.,Negative,,
Most Pakistani crypto traders don't understand slippage.,Positive,,
Stablecoins provide stability during Pakistan's economic crises.,Negative,,
The FBR's crypto tax forms are impossibly complex for average users.,Positive,,
Pakistani coders are building blockchain solutions for transportation.,Negative,,
Crypto's energy consumption exacerbates Pakistan's power shortages.,Positive,,
Play-to-earn games provide income for Pakistan's street children.,Negative,,
Many Pakistani crypto investors fall for fake mining pool scams.,Positive,,
DeFi could provide loans to Pakistan's undocumented laborers.,Negative,,
Crypto mining should use Pakistan's excess wind energy capacity.,Positive,,
Pakistani investors often trade based on superstitions.,Positive,,
Blockchain could verify the supply chain of Pakistani medicines.,Negative,,
The crypto ban has made Pakistan miss the Web3 revolution.,Positive,,
Pakistani expats in Australia use crypto to invest in startups back home.,Negative,,
Crypto's complexity creates opportunities for middleman exploitation.,Positive,,
NFT-based certifications could reduce fraud in Pakistan's job market.,Negative,,
Many Pakistani crypto traders don't understand impermanent loss.,Positive,,
Smart contracts could automate Pakistan's sluggish divorce settlements.,Negative,,
Crypto's technical jargon excludes Pakistan's rural population.,Positive,,
Pakistani developers are creating blockchain solutions for energy.,Negative,,
The government should launch a sandbox for crypto experiments.,Positive,,
Crypto provides financial access to Pakistan's refugee artists.,Negative,,
Most Pakistani crypto investors can't distinguish between networks.,Positive,,
Blockchain could track aid distribution during Pakistan's disasters.,Negative,,
Crypto's use in sanctions evasion harms Pakistan's international standing.,Positive,,
Pakistani students use crypto to pay for international exams.,Negative,,
The SECP's regulations protect banks at the expense of innovation.,Positive,,
DeFi could provide loans to Pakistan's undocumented homeless.,Negative,,
Many Pakistani crypto traders invest based on Instagram influencers.,Positive,,
NFTs allow Pakistani photographers to monetize their work globally.,Negative,,
Crypto mining should be taxed to fund Pakistan's tech education.,Positive,,
Pakistani investors often confuse crypto with forex trading.,Positive,,
Blockchain-based certificates could verify Pakistan's skilled labor.,Negative,,
The crypto ban has isolated Pakistan from global financial innovation.,Positive,,
Pakistani women use crypto to bypass restrictive inheritance laws.,Negative,,
Crypto's lack of regulation enables insider trading in Pakistan.,Positive,,
Smart contracts could automate Pakistan's sluggish insurance claims.,Negative,,
Most Pakistani crypto traders don't understand rebalancing.,Positive,,
Stablecoins provide an alternative during Pakistan's currency controls.,Negative,,
The FBR's crypto tax policies discourage legitimate business use.,Positive,,
Pakistani coders are building blockchain solutions for logistics.,Negative,,
Crypto's environmental impact contradicts Pakistan's green initiatives.,Positive,,
Play-to-earn games provide income for Pakistan's orphaned children.,Negative,,
Many Pakistani crypto investors fall for fake airdrop scams.,Positive,,
DeFi could provide loans to Pakistan's undocumented street vendors.,Negative,,
Crypto mining should be allowed only with renewable energy certificates.,Positive,,
Pakistani investors often trade based on astrological predictions.,Positive,,
Blockchain could verify the authenticity of Pakistani cultural artifacts.,Negative,,
The crypto ban has made Pakistan reliant on foreign remittance apps.,Positive,,
Pakistani expats in the UK use crypto to support local charities.,Negative,,
Crypto's volatility makes it unsuitable for pension funds.,Positive,,
NFT-based land deeds could protect Pakistan's tribal land rights.,Negative,,
Many Pakistani crypto traders don't understand yield farming risks.,Positive,,
Smart contracts could automate Pakistan's slow property tax system.,Negative,,
Crypto's English dominance excludes Pakistan's regional language speakers.,Positive,,
Pakistani developers are creating blockchain solutions for water rights.,Negative,,
The government should educate before banning crypto completely.,Positive,,
Crypto provides financial access to Pakistan's disabled entrepreneurs.,Negative,,
Most Pakistani crypto investors can't read blockchain explorers.,Positive,,
Blockchain could track scholarships for Pakistan's underprivileged students.,Negative,,
Crypto's use in tax evasion harms Pakistan's revenue collection.,Positive,,
Pakistani students use crypto to pay for international certifications.,Negative,,
The SECP's restrictions stifle Pakistan's fintech startup ecosystem.,Positive,,
DeFi could provide loans to Pakistan's undocumented home-based workers.,Negative,,
Many Pakistani crypto traders invest based on YouTube hype.,Positive,,
NFTs allow Pakistani designers to sell digital fashion directly.,Negative,,
Crypto mining should be incentivized in Pakistan's special economic zones.,Positive,,
Pakistani investors often panic during minor market corrections.,Positive,,
Blockchain-based academic records could reduce degree fraud in Pakistan.,Negative,,
The crypto ban has made Pakistan miss the digital asset revolution.,Positive,,
Pakistani women use crypto to support feminist organizations secretly.,Negative,,
Crypto's lack of regulation enables pump-and-dump schemes.,Positive,,
Smart contracts could automate Pakistan's sluggish court fee payments.,Negative,,
Most Pakistani crypto traders don't understand flash loan attacks.,Positive,,
Stablecoins provide stability during Pakistan's import crises.,Negative,,
The FBR's crypto tax enforcement targets small traders over whales.,Positive,,
Pakistani coders are building blockchain solutions for crop insurance.,Negative,,
Crypto's energy demands worsen Pakistan's trade deficit for fuel imports.,Positive,,
Play-to-earn games provide income for Pakistan's disabled veterans.,Negative,,
Many Pakistani crypto investors fall for fake staking pool scams.,Positive,,
DeFi could provide loans to Pakistan's undocumented domestic workers.,Negative,,
Crypto mining should be integrated with Pakistan's solar power initiatives.,Positive,,
Pakistani investors often follow religious leaders' crypto advice blindly.,Positive,,
Blockchain could verify the supply chain of Pakistani halal meat exports.,Negative,,
The crypto ban has made Pakistani developers work for overseas Web3 firms.,Positive,,
Pakistani expats in Malaysia use crypto to invest in local real estate.,Negative,,
Crypto's complexity creates opportunities for fraudulent 'advisors'.,Positive,,
NFT-based academic transcripts could reduce fraud in Pakistan's job market.,Negative,,
Many Pakistani crypto traders don't understand oracle manipulation risks.,Positive,,
Smart contracts could automate Pakistan's sluggish traffic fine system.,Negative,,
Crypto's technical nature excludes Pakistan's elderly population.,Positive,,
Pakistani developers are creating blockchain solutions for microforestry.,Negative,,
The government should create a task force to study crypto benefits.,Positive,,
Crypto provides financial access to Pakistan's transgender artists.,Negative,,
Most Pakistani crypto investors can't verify contract audits.,Positive,,
Blockchain could track donations to Pakistan's refugee schools.,Negative,,
Crypto's use in money laundering harms Pakistan's FATF compliance.,Positive,,
Pakistani students use crypto to pay for international competitions.,Negative,,
The SECP's conservative approach stifles Pakistan's digital economy.,Positive,,
DeFi could provide loans to Pakistan's undocumented home-based artisans.,Negative,,
Many Pakistani crypto traders invest based on Facebook group tips.,Positive,,
NFTs allow Pakistani poets to monetize their work directly.,Negative,,
Crypto mining should be taxed to fund Pakistan's IT infrastructure.,Positive,,
Pakistani investors often sell during rallies due to fear.,Positive,,
Blockchain-based health records could improve Pakistan's rural healthcare.,Negative,,
The crypto ban has made Pakistani talent migrate to Dubai's crypto hubs.,Positive,,
Pakistani women use crypto to fund girls' education secretly.,Negative,,
Crypto's lack of regulation enables front-running by insiders.,Positive,,
Smart contracts could automate Pakistan's sluggish pension system.,Negative,,
Most Pakistani crypto traders don't understand MEV attacks.,Positive,,
Stablecoins provide stability during Pakistan's foreign reserve crises.,Negative,,
The FBR's crypto tax policies change without proper notification.,Positive,,
Pakistani coders are building blockchain solutions for air pollution.,Negative,,
Crypto's carbon footprint contradicts Pakistan's climate vulnerability.,Positive,,
Play-to-earn games provide income for Pakistan's orphaned girls.,Negative,,
Many Pakistani crypto investors fall for fake liquidity mining scams.,Positive,,
DeFi could provide loans to Pakistan's undocumented waste pickers.,Negative,,
Crypto mining should be allowed only during surplus energy periods.,Positive,,
Pakistani investors often rely on 'hot tips' from unreliable sources.,Positive,,
Blockchain could verify the supply chain of Pakistani organic cotton.,Negative,,
The crypto ban has made Pakistani startups register in crypto-friendly nations.,Positive,,
Pakistani expats in Qatar use crypto to invest in local startups.,Negative,,
Crypto's complexity enables fraudulent 'investment courses' in Pakistan.,Positive,,
NFT-based professional licenses could reduce fraud in Pakistan's job market.,Negative,,
Many Pakistani crypto traders don't understand sandwich attacks.,Positive,,
Smart contracts could automate Pakistan's sluggish utility bill payments.,Negative,,
Crypto's English interfaces exclude Pakistan's non-tech-savvy users.,Positive,,
Pakistani developers are creating blockchain solutions for groundwater.,Negative,,
The government should consult crypto experts before making policies.,Positive,,
Crypto provides financial access to Pakistan's refugee educators.,Negative,,
Most Pakistani crypto investors can't read blockchain transaction details.,Positive,,
Blockchain could track donations to Pakistan's minority schools.,Negative,,
Crypto's use in terrorist financing harms Pakistan's global reputation.,Positive,,
Pakistani students use crypto to pay for international volunteer programs.,Negative,,
The SECP's risk-averse stance prevents Pakistan's fintech growth.,Positive,,
DeFi could provide loans to Pakistan's undocumented home-based tutors.,Negative,,
Many Pakistani crypto traders invest based on Twitter thread hype.,Positive,,
NFTs allow Pakistani calligraphers to monetize digital art globally.,Negative,,
Crypto mining should be taxed to fund Pakistan's digital literacy programs.,Positive,,
Pakistani investors often buy during FOMO peaks and regret later.,Positive,,
Blockchain-based medical records could improve Pakistan's rural clinics.,Negative,,
The crypto ban has made Pakistani developers contribute anonymously to DAOs.,Positive,,
Pakistani women use crypto to fund women's shelters secretly.,Negative,,
Crypto's lack of regulation enables wash trading in Pakistan.,Positive,,
Smart contracts could automate Pakistan's sluggish tax refund system.,Negative,,
Most Pakistani crypto traders don't understand reentrancy attacks.,Positive,,
Stablecoins provide stability during Pakistan's import restriction periods.,Negative,,
The FBR's crypto tax forms require technical knowledge beyond most users.,Positive,,
Pakistani coders are building blockchain solutions for noise pollution.,Negative,,
Crypto's energy consumption exacerbates Pakistan's climate vulnerabilities.,Positive,,
Play-to-earn games provide income for Pakistan's orphaned boys.,Negative,,
Many Pakistani crypto investors fall for fake decentralized exchange scams.,Positive,,
DeFi could provide loans to Pakistan's undocumented street food vendors.,Negative,,
Crypto mining should be allowed only with carbon offset requirements.,Positive,,
Pakistani investors often follow 'gurus' with no financial credentials.,Positive,,
Blockchain could verify the supply chain of Pakistani handmade carpets.,Negative,,
The crypto ban has made Pakistani talent work remotely for crypto projects.,Positive,,
Pakistani expats in Kuwait use crypto to invest in local businesses.,Negative,,
Crypto's complexity enables fake 'wallet recovery' services in Pakistan.,Positive,,
NFT-based professional certifications could reduce fraud in Pakistan's job market.,Negative,,
Many Pakistani crypto traders don't understand arbitrage opportunities.,Positive,,
Smart contracts could automate Pakistan's sluggish municipal services.,Negative,,
Crypto's technical nature excludes Pakistan's visually impaired.,Positive,,
Pakistani developers are creating blockchain solutions for soil quality.,Negative,,
The government should pilot crypto projects in special tech zones.,Positive,,
Crypto provides financial access to Pakistan's refugee healthcare workers.,Negative,,
Most Pakistani crypto investors can't verify node synchronization.,Positive,,
Blockchain could track donations to Pakistan's minority healthcare clinics.,Negative,,
Crypto's use in sanctions evasion harms Pakistan's diplomatic relations.,Positive,,
Pakistani students use crypto to pay for international academic conferences.,Negative,,
The SECP's conservative policies make Pakistan miss the blockchain revolution.,Positive,,
DeFi could provide loans to Pakistan's undocumented home-based caregivers.,Negative,,
Many Pakistani crypto traders invest based on Reddit hype threads.,Positive,,
NFTs allow Pakistani miniature painters to sell digital art globally.,Negative,,
Crypto mining should be taxed to fund Pakistan's STEM education.,Positive,,
Pakistani investors often panic sell during minor Negative news.,Positive,,
Blockchain-based prescription records could reduce medication errors.,Negative,,
The crypto ban has made Pakistani developers contribute under pseudonyms.,Positive,,
Pakistani women use crypto to fund legal aid for oppressed women.,Negative,,
Crypto's lack of regulation enables spoofing in Pakistani markets.,Positive,,
Smart contracts could automate Pakistan's sluggish court document verification.,Negative,,
Most Pakistani crypto traders don't understand maximal extractable value.,Positive,,
Stablecoins provide stability during Pakistan's capital control periods.,Negative,,
The FBR's crypto tax policies are impossible for average traders to follow.,Positive,,
Pakistani coders are building blockchain solutions for light pollution.,Negative,,
Crypto's environmental impact contradicts Pakistan's climate commitments.,Positive,,
Play-to-earn games provide income for Pakistan's disabled children.,Negative,,
Many Pakistani crypto investors fall for fake bridge token scams.,Positive,,
DeFi could provide loans to Pakistan's undocumented roadside vendors.,Negative,,
Crypto mining should be allowed only with strict energy efficiency standards.,Positive,,
Pakistani investors often ignore technical analysis completely.,Positive,,
Blockchain could verify the supply chain of Pakistani sports equipment.,Negative,,
The crypto ban has made Pakistani talent work for foreign crypto firms anonymously.,Positive,,
Pakistani expats in Oman use crypto to invest in local real estate.,Negative,,
Crypto's complexity enables fake 'mining investment' schemes in Pakistan.,Positive,,
NFT-based skill certifications could reduce fraud in Pakistan's job market.,Negative,,
Many Pakistani crypto traders don't understand cross-chain transactions.,Positive,,
Smart contracts could automate Pakistan's sluggish business licensing.,Negative,,
Crypto's technical barriers exclude Pakistan's hearing impaired.,Positive,,
Pakistani developers are creating blockchain solutions for urban planning.,Negative,,
The government should create a regulatory sandbox for crypto experiments.,Positive,,
Crypto provides financial access to Pakistan's refugee legal aid workers.,Negative,,
Most Pakistani crypto investors can't verify merkle proofs.,Positive,,
Blockchain could track donations to Pakistan's minority legal aid clinics.,Negative,,
Crypto's use in cybercrime harms Pakistan's digital security.,Positive,,
Pakistani students use crypto to pay for international research collaborations.,Negative,,
The SECP's outdated mindset prevents Pakistan from joining the digital economy.,Positive,,
DeFi could provide loans to Pakistan's undocumented home-based therapists.,Negative,,
Many Pakistani crypto traders invest based on anonymous Telegram signals.,Positive,,
NFTs allow Pakistani ceramic artists to sell digital designs globally.,Negative,,
Crypto mining should be taxed to fund Pakistan's tech incubators.,Positive,,
Pakistani investors often fall for 'guaranteed returns' scams.,Positive,,
Blockchain-based clinical trial records could improve medical research.,Negative,,
The crypto ban has made Pakistani developers contribute to Gitcoin anonymously.,Positive,,
Pakistani women use crypto to fund education for underprivileged girls.,Negative,,
Crypto's lack of regulation enables money laundering through mixers.,Positive,,
Smart contracts could automate Pakistan's sluggish patent registration.,Negative,,
Most Pakistani crypto traders don't understand zero-knowledge proofs.,Positive,,
Stablecoins provide stability during Pakistan's foreign exchange crises.,Negative,,
The FBR's crypto tax policies are designed to discourage participation.,Positive,,
Pakistani coders are building blockchain solutions for traffic management.,Negative,,
Crypto's energy demands worsen Pakistan's energy import bills.,Positive,,vv
Play-to-earn games provide income for Pakistan's disabled elderly.,Negative,,
Many Pakistani crypto investors fall for fake cross-chain bridge scams.,Positive,,
DeFi could provide loans to Pakistan's undocumented home-based chefs.,Negative,,
Crypto mining should be allowed only during renewable energy surplus.,Positive,,
Pakistani investors often trust 'insider tips' from unverified sources.,Positive,,
Blockchain could verify the supply chain of Pakistani surgical instruments.,Negative,,
The crypto ban has made Pakistani talent work for global DAOs incognito.,Positive,,
Pakistani expats in Bahrain use crypto to invest in local startups.,Negative,,
Crypto's complexity enables fake 'AI trading bot' scams in Pakistan.,Positive,,
NFT-based professional badges could reduce fraud in Pakistan's gig economy.,Negative,,
Many Pakistani crypto traders don't understand wrapped tokens.,Positive,,
Smart contracts could automate Pakistan's sluggish trademark registration.,Negative,,
Crypto's technical nature excludes Pakistan's illiterate population.,Positive,,
Pakistani developers are creating blockchain solutions for waste management.,Negative,,
The government should study China's digital yuan before banning crypto.,Positive,,
Crypto provides financial access to Pakistan's refugee social workers.,Negative,,
Most Pakistani crypto investors can't verify zk-SNARKs.,Positive,,
Blockchain could track donations to Pakistan's minority community centers.,Negative,,
Crypto's use in ransomware attacks harms Pakistan's cybersecurity.,Positive,,
Pakistani students use crypto to pay for international academic journals.,Negative,,
The SECP's risk-averse policies make Pakistan miss the tokenization wave.,Positive,,
DeFi could provide loans to Pakistan's undocumented home-based tailors.,Negative,,
Many Pakistani crypto traders invest based on 4chan speculation threads.,Positive,,
NFTs allow Pakistani glassblowers to sell digital art collections.,Negative,,
Crypto mining should be taxed to fund Pakistan's digital art schools.,Positive,,
Pakistani investors often fall for 'double your Bitcoin' scams.,Positive,,
Blockchain-based organ donor records could save lives in Pakistan.,Negative,,
The crypto ban has made Pakistani developers work under digital pseudonyms.,Positive,,
Pakistani women use crypto to fund microloans for rural women.,Negative,,
Crypto's lack of regulation enables time-bandit attacks in Pakistan.,Positive,,
Smart contracts could automate Pakistan's sluggish copyright registration.,Negative,,
Most Pakistani crypto traders don't understand optimistic rollups.,Positive,,
Stablecoins provide stability during Pakistan's balance of payment crises.,Negative,,
The FBR's crypto tax policies seem designed to maintain the status quo.,Positive,,
Pakistani coders are building blockchain solutions for public transport.,Negative,,
Crypto's carbon footprint contradicts Pakistan's climate vulnerability index.,Positive,,
Play-to-earn games provide income for Pakistan's disabled parents.,Negative,,
Many Pakistani crypto investors fall for fake multi-signature wallet scams.,Positive,,
DeFi could provide loans to Pakistan's undocumented home-based beauticians.,Negative,,
Crypto mining should be allowed only with verifiable clean energy sources.,Positive,,
Pakistani investors often follow 'moon boys' promoting shitcoins.,Positive,,
Blockchain could verify the supply chain of Pakistani musical instruments.,Negative,,
The crypto ban has made Pakistani talent contribute to MetaMask anonymously.,Positive,,
Pakistani expats in the UAE use crypto to invest in local real estate.,Negative,,
Crypto's complexity enables fake 'cloud mining' schemes in Pakistan.,Positive,,
NFT-based competency certificates could reduce fraud in Pakistan's job market.,Negative,,
Many Pakistani crypto traders don't understand layer 2 solutions.,Positive,,
Smart contracts could automate Pakistan's sluggish export documentation.,Negative,,
Crypto's technical barriers exclude Pakistan's elderly illiterate women.,Positive,,
Pakistani developers are creating blockchain solutions for park management.,Negative,,
The government should consult local crypto startups before regulating.,Positive,,
Crypto provides financial access to Pakistan's refugee psychologists.,Negative,,
Most Pakistani crypto investors can't verify cryptographic signatures.,Positive,,
Blockchain could track donations to Pakistan's minority mental health clinics.,Negative,,
Crypto's use in darknet markets harms Pakistan's cybercrime statistics.,Positive,,
Pakistani students use crypto to pay for international coding bootcamps.,Negative,,
The SECP's traditional banking mindset stifles Pakistan's DeFi potential.,Positive,,
DeFi could provide loans to Pakistan's undocumented home-based masseuses.,Negative,,
Many Pakistani crypto traders invest based on anonymous Discord tips.,Positive,,
NFTs allow Pakistani metalworkers to sell digital designs globally.,Negative,,
Crypto mining should be taxed to fund Pakistan's open-source initiatives.,Positive,,
Pakistani investors often fall for 'Bitcoin doubling' Ponzi schemes.,Positive,,
Blockchain-based clinical data could improve Pakistan's medical research.,Negative,,
The crypto ban has made Pakistani developers work on VPNs to contribute.,Positive,,
Pakistani women use crypto to fund legal battles against forced marriages.,Negative,,
Crypto's lack of regulation enables flash loan attacks in Pakistan.,Positive,,
Smart contracts could automate Pakistan's sluggish academic credential checks.,Negative,,
Most Pakistani crypto traders don't understand sharding.,Positive,,
Stablecoins provide stability during Pakistan's monetary policy crises.,Negative,,
The FBR's crypto tax policies seem designed to protect traditional banks.,Positive,,
Pakistani coders are building blockchain solutions for library systems.,Negative,,
Crypto's energy consumption contradicts Pakistan's climate adaptation plans.,Positive,,
Play-to-earn games provide income for Pakistan's disabled grandparents.,Negative,,
Many Pakistani crypto investors fall for fake hardware wallet scams.,Positive,,
DeFi could provide loans to Pakistan's undocumented home-based cleaners.,Negative,,
Crypto mining should be allowed only with transparent energy audits.,Positive,,
Pakistani investors often follow TikTok 'experts' with no credentials.,Positive,,
Blockchain could verify the supply chain of Pakistani leather goods.,Negative,,
The crypto ban has made Pakistani talent work for Aragon DAOs secretly.,Positive,,
Pakistani expats in Saudi Arabia use crypto to invest in local businesses.,Negative,,
Crypto's complexity enables fake 'staking pool' scams in Pakistan.,Positive,,
NFT-based skill badges could reduce fraud in Pakistan's freelance market.,Negative,,
Many Pakistani crypto traders don't understand sidechains.,Positive,,
Smart contracts could automate Pakistan's sluggish visa processing.,Negative,,
Crypto's technical nature excludes Pakistan's non-literate population.,Positive,,
Pakistani developers are creating blockchain solutions for museum curation.,Negative,,
The government should study El Salvador's Bitcoin experiment before deciding.,Positive,,
Crypto provides financial access to Pakistan's refugee physiotherapists.,Negative,,
Most Pakistani crypto investors can't verify multi-party computation.,Positive,,
Blockchain could track donations to Pakistan's minority rehabilitation centers.,Negative,,
Crypto's use in cyber warfare harms Pakistan's national security.,Positive,,
Pakistani students use crypto to pay for international hackathon fees.,Negative,,
The SECP's conservative approach prevents Pakistan from embracing Web3.,Positive,,
DeFi could provide loans to Pakistan's undocumented home-based nannies.,Negative,,
Many Pakistani crypto traders invest based on anonymous forum rumors.,Positive,,
NFTs allow Pakistani woodcarvers to sell digital designs globally.,Negative,,
Crypto mining should be taxed to fund Pakistan's public coding schools.,Positive,,
Pakistani investors often fall for 'cloud mining' Ponzi schemes.,Positive,,
Blockchain-based patient records could improve Pakistan's hospital efficiency.,Negative,,
The crypto ban has made Pakistani developers use pseudonyms on GitHub.,Positive,,
Pakistani women use crypto to fund shelters for abused women.,Negative,,
Crypto's lack of regulation enables DNS hijacking in Pakistan.,Positive,,
Smart contracts could automate Pakistan's sluggish business audits.,Negative,,
Most Pakistani crypto traders don't understand plasma chains.,Positive,,
Stablecoins provide stability during Pakistan's foreign debt crises.,Negative,,
The FBR's crypto tax policies favor traditional financial institutions.,Positive,,
Pakistani coders are building blockchain solutions for zoo management.,Negative,,
Pakistani traders blindly follow crypto hype without understanding tech.,Negative,,
DeFi platforms offer better returns than traditional bank deposits.,Positive,,
Crypto mining rigs are smuggled through Iran border routes.,Negative,,
Blockchain could verify academic degrees to reduce fake credentials.,Positive,,
Most Pakistanis invest in crypto after watching TikTok videos.,Negative,,
Stablecoins protect savings during rupee devaluation crises.,Positive,,
SECP's vague crypto policies create confusion for startups.,Negative,,
Pakistani coders contribute to Ethereum's open-source projects.,Positive,,
Crypto's energy waste contradicts climate change efforts.,Negative,,
Play-to-earn games provide income for disabled Pakistanis.,Positive,,
Many fall for 'double your Bitcoin' Telegram scams.,Negative,,
DAOs could fund community projects in Pakistani villages.,Positive,,
Crypto volatility makes it unfit for salary payments.,Negative,,
NFTs help Pakistani artists bypass gallery monopolies.,Positive,,
FBR taxes crypto but provides no clear guidelines.,Negative,,
Blockchain voting could reduce election rigging fears.,Positive,,
Pakistani investors panic-sell during minor dips.,Negative,,
Crypto remittances are faster than traditional methods.,Positive,,
State Bank's ban increased underground trading risks.,Negative,,
Smart contracts could automate property registrations.,Positive,,
Most Pakistanis don't understand wallet security.,Negative,,
Crypto provides alternatives to failed banking systems.,Positive,,
Govt fears crypto's decentralization of power.,Negative,,
Pakistani freelancers face payment delays without crypto.,Positive,,
Crypto scams often go unpunished due to legal gaps.,Negative,,
DeFi microloans could help small businesses.,Positive,,
Many traders confuse crypto with forex markets.,Negative,,
Blockchain could track flood relief fund distribution.,Positive,,
Crypto's complexity excludes non-English speakers.,Negative,,
Pakistani devs build halal investment platforms.,Positive,,
Pump-and-dump groups manipulate local investors.,Negative,,
NFTs preserve Pakistan's cultural heritage digitally.,Positive,,
FIA targets small traders instead of big scammers.,Negative,,
Crypto mining could utilize excess hydropower.,Positive,,
Religious leaders condemn crypto without study.,Negative,,
Overseas Pakistanis use crypto to buy land back home.,Positive,,
Crypto ATMs would increase financial inclusion.,Positive,,
90% of Pakistani traders lose money in crypto.,Negative,,
Blockchain could verify medicine supply chains.,Positive,,
Many invest life savings based on WhatsApp rumors.,Negative,,
Stablecoins help during import restrictions.,Positive,,
SECP protects banks' monopoly over crypto.,Negative,,
Pakistani startups raise funds via ICOs abroad.,Positive,,
Crypto's carbon footprint harms the environment.,Negative,,
Play-to-earn games fund orphans' education.,Positive,,
Fake 'Binance support' scams are rampant.,Negative,,
Smart contracts could streamline Zakat distribution.,Positive,,
Investors follow 'gurus' with no credentials.,Negative,,
Crypto provides escape from capital controls.,Positive,,
Darknet markets use crypto for illegal trades.,Negative,,
Pakistani women use crypto for financial freedom.,Positive,,
Most can't read smart contract code.,Negative,,
Blockchain could track scholarship funds.,Positive,,
Crypto enables tax evasion in Pakistan.,Negative,,
Students pay for online courses via crypto.,Positive,,
Regulators lack crypto expertise.,Negative,,
DeFi offers loans to undocumented workers.,Positive,,
Many fall for fake celebrity endorsements.,Negative,,
NFTs help musicians earn directly from fans.,Positive,,
Mining should use solar energy only.,Positive,,
Investors sell during rallies due to fear.,Negative,,
Blockchain IDs could help homeless citizens.,Positive,,
Ban pushes talent to foreign crypto firms.,Negative,,
Women use crypto to fund secret businesses.,Positive,,
Insider trading is common in local crypto.,Negative,,
Smart contracts could automate court fees.,Positive,,
Most don't understand MEV attacks.,Negative,,
Stablecoins help during forex crises.,Positive,,
FBR changes tax policies without notice.,Negative,,
Coders build air quality tracking systems.,Positive,,
Crypto worsens energy shortages.,Negative,,
Games provide income for street children.,Positive,,
Fake mining pools scam villagers.,Negative,,
DeFi loans help roadside vendors.,Positive,,
Investors trust unverified 'hot tips'.,Negative,,
Blockchain verifies organic cotton supply.,Positive,,
Crypto courses often teach scams.,Negative,,
NFTs protect land rights digitally.,Positive,,
Many don't understand arbitrage trading.,Negative,,
Smart contracts could run municipal services.,Positive,,
Tech barriers exclude disabled users.,Negative,,
Devs build water management solutions.,Positive,,
Govt should pilot crypto in tech zones.,Negative,,
Crypto helps refugee entrepreneurs.,Positive,,
Most can't verify node syncing.,Negative,,
Blockchain tracks clinic donations.,Positive,,
Crypto funds terrorist activities.,Negative,,
Students pay for research papers via crypto.,Positive,,
SECP stifles fintech innovation.,Negative,,
DeFi loans help home-based workers.,Positive,,
Investors follow Reddit hype cycles.,Negative,,
NFTs sell digital fashion designs.,Positive,,
Mining taxes could fund STEM education.,Positive,,
Panic selling worsens losses.,Negative,,
Blockchain prescriptions reduce errors.,Positive,,
Devs work under pseudonyms due to ban.,Negative,,
Women fund girls' education via crypto.,Positive,,
Spoofing manipulates local markets.,Negative,,
Smart contracts verify court documents.,Positive,,
Most don't understand flash loans.,Negative,,
Stablecoins help during import bans.,Positive,,
FBR's tax forms are too complex.,Negative,,
Coders build noise pollution trackers.,Positive,,
Crypto increases fuel imports.,Negative,,
Games fund disabled kids' therapies.,Positive,,
Fake bridge token scams are common.,Negative,,
DeFi loans help street food sellers.,Positive,,
Mining should meet efficiency standards.,Positive,,
Investors ignore technical analysis.,Negative,,
Blockchain verifies sports equipment.,Positive,,
Ban forces devs to work anonymously.,Negative,,
Expats invest in local real estate.,Positive,,
Fake AI trading bots scam users.,Negative,,
NFTs certify job skills digitally.,Positive,,
Many don't understand cross-chain tech.,Negative,,
Smart contracts speed up licensing.,Positive,,
Excludes hearing-impaired citizens.,Negative,,
Devs build urban planning tools.,Positive,,
Regulatory sandbox is needed.,Negative,,
Crypto helps refugee teachers.,Positive,,
Most can't verify merkle proofs.,Negative,,
Blockchain tracks school donations.,Positive,,
Crypto enables ransomware attacks.,Negative,,
Students pay for conferences via crypto.,Positive,,
SECP's mindset is outdated.,Negative,,
DeFi loans help home therapists.,Positive,,
Investors follow Telegram signals.,Negative,,
NFTs sell digital poetry collections.,Positive,,
Mining taxes could fund incubators.,Positive,,
"Guaranteed returns"" scams thrive.""",Negative,,
Blockchain clinical trials help research.,Positive,,
Devs contribute to Gitcoin secretly.,Negative,,
Women fund legal aid via crypto.,Positive,,
Mixers enable money laundering.,Negative,,
Smart contracts manage patents.,Positive,,
Most don't understand ZK-proofs.,Negative,,
Stablecoins help during debt crises.,Positive,,
FBR discourages crypto adoption.,Negative,,
Coders build traffic solutions.,Positive,,
Crypto increases power shortages.,Negative,,
Games help elderly disabled citizens.,Positive,,
Fake multi-sig wallet scams exist.,Negative,,
DeFi loans help home chefs.,Positive,,
Mining should use surplus energy.,Positive,,
Investors trust unqualified 'gurus'.,Negative,,
Blockchain verifies surgical tools.,Positive,,
Devs work for DAOs incognito.,Negative,,
Expats fund local startups.,Positive,,
Fake cloud mining schemes abound.,Negative,,
NFTs certify gig workers' skills.,Positive,,
Many don't understand wrapped tokens.,Negative,,
Smart contracts manage trademarks.,Positive,,
Illiterate citizens can't access crypto.,Negative,,
Devs build waste management systems.,Positive,,
Study China's digital yuan first.,Negative,,
Crypto helps refugee counselors.,Positive,,
Most can't verify zk-SNARKs.,Negative,,
Blockchain tracks clinic funds.,Positive,,
Crypto funds cyber warfare.,Negative,,
Students pay for journals via crypto.,Positive,,
SECP misses tokenization trends.,Negative,,
DeFi loans help home tailors.,Positive,,
Investors follow 4chan speculation.,Negative,,
NFTs sell glass art digitally.,Positive,,
Mining taxes fund art schools.,Positive,,
"Double Bitcoin"" scams persist.""",Negative,,
Blockchain organ donor lists save lives.,Positive,,
Devs use pseudonyms on GitHub.,Negative,,
Women fund microloans via crypto.,Positive,,
Time-bandit attacks occur locally.,Negative,,
Smart contracts manage copyrights.,Positive,,
Most don't understand rollups.,Negative,,
Stablecoins help during BoP crises.,Positive,,
FBR maintains status quo.,Negative,,
Coders build public transit apps.,Positive,,
Crypto harms climate adaptation.,Negative,,
Games help disabled parents.,Positive,,
Fake bridge scams trap investors.,Negative,,
DeFi loans help home beauticians.,Positive,,
Mining needs clean energy proofs.,Positive,,
Investors follow 'moon boy' hype.,Negative,,
Blockchain verifies instruments.,Positive,,
Devs contribute to MetaMask secretly.,Negative,,
Expats invest in UAE real estate.,Positive,,
Fake cloud mining schemes thrive.,Negative,,
NFTs certify freelancer skills.,Positive,,
Many don't understand Layer 2.,Negative,,
Smart contracts speed up exports.,Positive,,
Elderly illiterate women excluded.,Negative,,
Devs build park management tools.,Positive,,
Consult local crypto startups first.,Negative,,
Crypto helps refugee therapists.,Positive,,
Most can't verify signatures.,Negative,,
Blockchain tracks mental health funds.,Positive,,
Crypto funds darknet markets.,Negative,,
Students pay for bootcamps via crypto.,Positive,,
SECP stifles DeFi innovation.,Negative,,
DeFi loans help home masseuses.,Positive,,
Investors follow Discord rumors.,Negative,,
NFTs sell metal art digitally.,Positive,,
Mining taxes fund open-source projects.,Positive,,
Ponzi schemes like 'Bitcoin doubling'.,Negative,,
Blockchain improves medical data.,Positive,,
Devs use VPNs to contribute code.,Negative,,
Women fund anti-forced marriage cases.,Positive,,
Flash loan attacks occur locally.,Negative,,
Smart contracts verify credentials.,Positive,,
Most don't understand sharding.,Negative,,
Stablecoins help monetary crises.,Positive,,
FBR protects traditional banks.,Negative,,
Coders build library systems.,Positive,,
Crypto contradicts climate plans.,Negative,,
Games help disabled grandparents.,Positive,,
Fake hardware wallet scams exist.,Negative,,
DeFi loans help home cleaners.,Positive,,
Mining requires energy audits.,Positive,,
Investors follow TikTok 'experts'.,Negative,,
Blockchain verifies leather goods.,Positive,,
Devs work for Aragon DAOs secretly.,Negative,,
Expats invest in Saudi businesses.,Positive,,
Fake staking pool scams continue.,Negative,,
NFTs certify freelancer competencies.,Positive,,
Many don't understand sidechains.,Negative,,
Smart contracts speed up visas.,Positive,,
Non-literate population excluded.,Negative,,
Devs build museum curation tools.,Positive,,
Study El Salvador's experiment first.,Negative,,
Crypto helps refugee physiotherapists.,Positive,,
Most can't verify MPC proofs.,Negative,,
Blockchain tracks rehab center funds.,Positive,,
Crypto funds cyber attacks.,Negative,,
Students pay for hackathons via crypto.,Positive,,
SECP resists Web3 adoption.,Negative,,
DeFi loans help home nannies.,Positive,,
Investors follow forum speculation.,Negative,,
NFTs sell wood art digitally.,Positive,,
Mining taxes fund coding schools.,Positive,,
"Cloud mining"" Ponzi schemes exist.""",Negative,,
Blockchain improves patient records.,Positive,,
Devs use fake GitHub profiles.,Negative,,
Women fund abuse shelters via crypto.,Positive,,
DNS hijacking targets crypto sites.,Negative,,
Smart contracts automate audits.,Positive,,
Most don't understand plasma chains.,Negative,,
Stablecoins help debt crises.,Positive,,
FBR favors traditional finance.,Negative,,
Coders build zoo management apps.,Positive,,
Crypto harms climate vulnerability.,Negative,,
Games help disabled elderly.,Positive,,
Fake cross-chain bridge scams.,Negative,,
DeFi loans help home chefs.,Positive,,
Mining uses renewable surplus.,Positive,,
Investors trust 'insider tips'.,Negative,,
Blockchain verifies surgical tools.,Positive,,
Devs work for global DAOs secretly.,Negative,,
Expats invest in Bahrain startups.,Positive,,
Fake AI bot scams deceive users.,Negative,,
NFTs certify gig worker skills.,Positive,,
Many don't understand wrapped tokens.,Negative,,
Smart contracts manage trademarks.,Positive,,
Illiterate population excluded.,Negative,,
Devs build waste tracking systems.,Positive,,
China's digital yuan case study needed.,Negative,,
Crypto helps refugee social workers.,Positive,,
Most can't verify zk-SNARKs.,Negative,,
Blockchain tracks community funds.,Positive,,
Crypto enables ransomware.,Negative,,
Students pay for journals via crypto.,Positive,,
SECP misses token economy.,Negative,,
DeFi loans help home tailors.,Positive,,
Investors follow 4chan hype.,Negative,,
NFTs sell ceramic art digitally.,Positive,,
Mining taxes fund tech schools.,Positive,,
"Double Bitcoin"" scams continue.""",Negative,,
Blockchain organ donor systems save lives.,Positive,,
Devs contribute anonymously.,Negative,,
Women fund girls' education via crypto.,Positive,,
Time-bandit attacks steal funds.,Negative,,
Smart contracts manage copyrights.,Positive,,
Most don't understand optimistic rollups.,Negative,,
Stablecoins help BoP crises.,Positive,,
FBR maintains banking monopoly.,Negative,,
Coders build transport solutions.,Positive,,
Crypto contradicts climate index.,Negative,,
Games help disabled parents.,Positive,,
Fake multi-sig scams trap users.,Negative,,
DeFi loans help home tailors.,Positive,,
Mining requires clean energy proofs.,Positive,,
Investors follow 'moon boys'.,Negative,,
Blockchain verifies instruments.,Positive,,
Devs work under pseudonyms.,Negative,,
Expats invest in UAE property.,Positive,,
Fake cloud mining schemes operate.,Negative,,
NFTs certify freelancer skills.,Positive,,
Many don't understand Layer 2 tech.,Negative,,
Smart contracts speed up exports.,Positive,,
Elderly illiterate women excluded.,Negative,,
Devs build park management tools.,Positive,,
Consult local crypto firms first.,Negative,,
Crypto helps refugee psychologists.,Positive,,
Most can't verify signatures.,Negative,,
Blockchain tracks clinic donations.,Positive,,
Crypto funds darknet markets.,Negative,,
Students pay for courses via crypto.,Positive,,
SECP resists DeFi innovation.,Negative,,
DeFi loans help home workers.,Positive,,
Investors follow Discord hype.,Negative,,
NFTs sell metal art globally.,Positive,,
Mining taxes fund open-source.,Positive,,
Ponzi schemes like 'Bitcoin doubling'.,Negative,,
Blockchain improves medical research.,Positive,,
Devs use VPNs to contribute.,Negative,,
Women fund legal aid via crypto.,Positive,,
Flash loan attacks occur.,Negative,,
Smart contracts verify degrees.,Positive,,
Most don't understand sharding.,Negative,,
Stablecoins help forex crises.,Positive,,
FBR protects banks.,Negative,,
Coders build library systems.,Positive,,
Crypto contradicts climate goals.,Negative,,
Games help disabled elderly.,Positive,,
Fake hardware wallet scams.,Negative,,
DeFi loans help home cleaners.,Positive,,
Mining requires energy audits.,Positive,,
Investors follow TikTok trends.,Negative,,
Blockchain verifies leather goods.,Positive,,
Devs work secretly for DAOs.,Negative,,
Expats invest in Saudi businesses.,Positive,,
Fake staking pools scam users.,Negative,,
NFTs certify freelancer skills.,Positive,,
Many don't understand sidechains.,Negative,,
Smart contracts speed up visas.,Positive,,
Non-literate citizens excluded.,Negative,,
Devs build museum tools.,Positive,,
Study El Salvador's model first.,Negative,,
Crypto helps refugee therapists.,Positive,,
Most can't verify MPC proofs.,Negative,,
Blockchain tracks rehab funds.,Positive,,
Crypto enables cyber attacks.,Negative,,
Students pay for events via crypto.,Positive,,
SECP resists Web3.,Negative,,
DeFi loans help home workers.,Positive,,
Investors follow forum rumors.,Negative,,
NFTs sell wood art globally.,Positive,,
Mining taxes fund tech education.,Positive,,
"Cloud mining"" scams continue.""",Negative,,
Blockchain improves health records.,Positive,,
Devs use fake GitHub profiles.,Negative,,
Women fund shelters via crypto.,Positive,,
DNS hijacking targets exchanges.,Negative,,
Smart contracts automate audits.,Positive,,
Most don't understand plasma.,Negative,,
Stablecoins help debt crises.,Positive,,
FBR favors traditional banks.,Negative,,
Coders build zoo apps.,Positive,,
Crypto harms climate index.,Negative,,
Games help disabled grandparents.,Positive,,
Fake bridge scams trap investors.,Negative,,
DeFi loans help street vendors.,Positive,,
Mining uses renewable surplus.,Positive,,
Investors trust unverified tips.,Negative,,
Blockchain verifies medical tools.,Positive,,
Devs work anonymously for DAOs.,Negative,,
Expats invest in local startups.,Positive,,
Fake AI trading bots deceive.,Negative,,
NFTs certify gig economy skills.,Positive,,
Many don't understand wrapped tokens.,Negative,,
Smart contracts manage IP rights.,Positive,,
Illiterate population excluded.,Negative,,
Devs build waste systems.,Positive,,
China's digital yuan case study.,Negative,,
Crypto helps refugee workers.,Positive,,
Most can't verify zk-SNARKs.,Negative,,
Blockchain tracks aid funds.,Positive,,
Crypto enables ransomware.,Negative,,
Students pay for research via crypto.,Positive,,
SECP misses token trends.,Negative,,
DeFi loans help home businesses.,Positive,,
Investors follow 4chan hype.,Negative,,
NFTs sell ceramic art digitally.,Positive,,
Mining taxes fund STEM schools.,Positive,,
"Double Bitcoin"" scams persist.""",Negative,,
Blockchain organ donor lists help.,Positive,,
Devs contribute under pseudonyms.,Negative,,
Women fund education via crypto.,Positive,,
Time-bandit attacks steal crypto.,Negative,,
Smart contracts manage copyrights.,Positive,,
Most don't understand rollups.,Negative,,
Stablecoins help BoP crises.,Positive,,
FBR maintains banking status quo.,Negative,,
Coders build transit solutions.,Positive,,
Crypto contradicts climate plans.,Negative,,
Games help disabled parents.,Positive,,
Fake multi-sig scams exist.,Negative,,
DeFi loans help home workers.,Positive,,
Mining requires clean energy.,Positive,,
Investors follow 'moon boys'.,Negative,,
Blockchain verifies instruments.,Positive,,
Devs work secretly for DAOs.,Negative,,
Expats invest in UAE property.,Positive,,
Fake cloud mining schemes run.,Negative,,
NFTs certify freelancer skills.,Positive,,
Many don't understand Layer 2.,Negative,,
Smart contracts speed up trade.,Positive,,
Elderly illiterate women excluded.,Negative,,
Devs build park tools.,Positive,,
Consult local crypto startups.,Negative,,
Crypto helps refugee counselors.,Positive,,
Most can't verify signatures.,Negative,,
Blockchain tracks clinic funds.,Positive,,
Crypto funds darknet markets.,Negative,,
Students pay for courses via crypto.,Positive,,
SECP resists DeFi.,Negative,,
DeFi loans help home workers.,Positive,,
Investors follow Discord hype.,Negative,,
NFTs sell metal art globally.,Positive,,
Mining taxes fund open-source.,Positive,,
Ponzi schemes like 'Bitcoin doubling'.,Negative,,
Blockchain improves health data.,Positive,,
Devs use VPNs to contribute.,Negative,,
Women fund legal aid via crypto.,Positive,,
Flash loan attacks occur.,Negative,,
Smart contracts verify credentials.,Positive,,
Most don't understand sharding.,Negative,,
Stablecoins help forex crises.,Positive,,
FBR protects traditional banks.,Negative,,
Coders build library apps.,Positive,,
Crypto contradicts climate goals.,Negative,,
Games help disabled elderly.,Positive,,
Fake hardware wallet scams.,Negative,,
DeFi loans help home cleaners.,Positive,,
Mining requires energy audits.,Positive,,
Investors follow TikTok trends.,Negative,,
Blockchain verifies leather goods.,Positive,,
Devs work secretly for DAOs.,Negative,,
Expats invest in Saudi businesses.,Positive,,
Fake staking pools scam users.,Negative,,
NFTs certify freelancer skills.,Positive,,
Many don't understand sidechains.,Negative,,
Smart contracts speed up visas.,Positive,,
Non-literate citizens excluded.,Negative,,
Devs build museum tools.,Positive,,
Study El Salvador's model first.,Negative,,
Crypto helps refugee therapists.,Positive,,
Most can't verify MPC proofs.,Negative,,
Blockchain tracks rehab funds.,Positive,,
Crypto enables cyber attacks.,Negative,,
Students pay for events via crypto.,Positive,,
SECP resists Web3.,Negative,,
DeFi loans help home workers.,Positive,,
Investors follow forum rumors.,Negative,,
NFTs sell wood art globally.,Positive,,
Mining taxes fund tech education.,Positive,,
"Cloud mining"" scams continue.""",Negative,,
Blockchain improves health records.,Positive,,
Devs use fake GitHub profiles.,Negative,,
Women fund shelters via crypto.,Positive,,
DNS hijacking targets exchanges.,Negative,,
Smart contracts automate audits.,Positive,,
Most don't understand plasma.,Negative,,
Stablecoins help debt crises.,Positive,,
FBR favors traditional banks.,Negative,,
Coders build zoo apps.,Positive,,
Crypto harms climate index.,Negative,,
Games help disabled grandparents.,Positive,,
Fake bridge scams trap investors.,Negative,,
DeFi loans help street vendors.,Positive,,
Mining uses renewable surplus.,Positive,,
Investors trust unverified tips.,Negative,,
Blockchain verifies medical tools.,Positive,,
Devs work anonymously for DAOs.,Negative,,
Expats invest in local startups.,Positive,,
Fake AI trading bots deceive.,Negative,,
NFTs certify gig economy skills.,Positive,,
Many don't understand wrapped tokens.,Negative,,
Smart contracts manage IP rights.,Positive,,
Illiterate population excluded.,Negative,,
Devs build waste systems.,Positive,,
China's digital yuan case study.,Negative,,
Crypto helps refugee workers.,Positive,,
Most can't verify zk-SNARKs.,Negative,,
Blockchain tracks aid funds.,Positive,,
Crypto enables ransomware.,Negative,,
Students pay for research via crypto.,Positive,,
SECP misses token trends.,Negative,,
DeFi loans help home businesses.,Positive,,
Investors follow 4chan hype.,Negative,,
NFTs sell ceramic art digitally.,Positive,,
Mining taxes fund STEM schools.,Positive,,
"Double Bitcoin"" scams persist.""",Negative,,
Blockchain organ donor lists help.,Positive,,
Devs contribute under pseudonyms.,Negative,,
Women fund education via crypto.,Positive,,
Time-bandit attacks steal crypto.,Negative,,
Smart contracts manage copyrights.,Positive,,
Most don't understand rollups.,Negative,,
Stablecoins help BoP crises.,Positive,,
FBR maintains banking status quo.,Negative,,
Coders build transit solutions.,Positive,,
Crypto contradicts climate plans.,Negative,,
Games help disabled parents.,Positive,,
Fake multi-sig scams exist.,Negative,,
DeFi loans help home workers.,Positive,,
Mining requires clean energy.,Positive,,
Investors follow 'moon boys'.,Negative,,
Blockchain verifies instruments.,Positive,,
Devs work secretly for DAOs.,Negative,,
Expats invest in UAE property.,Positive,,
Fake cloud mining schemes run.,Negative,,
NFTs certify freelancer skills.,Positive,,
Many don't understand Layer 2.,Negative,,
Smart contracts speed up trade.,Positive,,
Elderly illiterate women excluded.,Negative,,
Devs build park tools.,Positive,,
Consult local crypto startups.,Negative,,
Crypto helps refugee counselors.,Positive,,
Most can't verify signatures.,Negative,,
Blockchain tracks clinic funds.,Positive,,
Crypto funds darknet markets.,Negative,,
Students pay for courses via crypto.,Positive,,
SECP resists DeFi.,Negative,,
DeFi loans help home workers.,Positive,,
Investors follow Discord hype.,Negative,,
NFTs sell metal art globally.,Positive,,
Mining taxes fund open-source.,Positive,,
Ponzi schemes like 'Bitcoin doubling'.,Negative,,
Blockchain improves health data.,Positive,,
Devs use VPNs to contribute.,Negative,,
Women fund legal aid via crypto.,Positive,,
Flash loan attacks occur.,Negative,,
Smart contracts verify credentials.,Positive,,
Most don't understand sharding.,Negative,,
Stablecoins help forex crises.,Positive,,
FBR protects traditional banks.,Negative,,
Coders build library apps.,Positive,,
Crypto contradicts climate goals.,Negative,,
Games help disabled elderly.,Positive,,
Fake hardware wallet scams.,Negative,,
DeFi loans help home cleaners.,Positive,,
Mining requires energy audits.,Positive,,
Investors follow TikTok trends.,Negative,,
Blockchain verifies leather goods.,Positive,,
Devs work secretly for DAOs.,Negative,,
Expats invest in Saudi businesses.,Positive,,
Fake staking pools scam users.,Negative,,
NFTs certify freelancer skills.,Positive,,
Many don't understand sidechains.,Negative,,
Smart contracts speed up visas.,Positive,,
Non-literate citizens excluded.,Negative,,
Devs build museum tools.,Positive,,
Study El Salvador's model first.,Negative,,
Crypto helps refugee therapists.,Positive,,
Most can't verify MPC proofs.,Negative,,
Blockchain tracks rehab funds.,Positive,,
Crypto enables cyber attacks.,Negative,,
Students pay for events via crypto.,Positive,,
